{
    "uuid": "8c5e6596-2643-3209-9b48-964936aa36a2",
    "username": "Kanelucky",
    "gameMode": "CREATIVE",
    "saturation": 0.0,
    "x": 111.18199650962246,
    "y": 71.0,
    "z": 401.69999998807907,
    "yaw": -5.647325,
    "pitch": 12.209761,
    "permissionLevel": 4
}