{
    "uuid": "ee7b53d0-4486-4710-a68d-7dbd7850c975",
    "username": "Kanelucky",
    "gameMode": "CREATIVE",
    "x": 14.583583856176299,
    "y": 62.0,
    "z": -3.3603899245777176,
    "yaw": 104.69617,
    "pitch": 21.600233,
    "permissionLevel": 4
}