{
    "uuid": "ee7b53d0-4486-4710-a68d-7dbd7850c975",
    "username": "Kanelucky",
    "gameMode": "CREATIVE",
    "health": 5.0,
    "food": 14,
    "saturation": 10.8,
    "x": -124.6339552482682,
    "y": 62.0,
    "z": 106.896352118146,
    "yaw": -160.05008,
    "pitch": 8.550089,
    "permissionLevel": 4
}